<?xml version="1.0"?>
<!DOCTYPE module PUBLIC
        "-//Checkstyle//DTD Checkstyle Configuration 1.3//EN"
        "https://checkstyle.org/dtds/configuration_1_3.dtd">

<module name="Checker">
    <property name="severity" value="warning"/>

    <module name="TreeWalker">

        <!--        Wildcard imports sind nicht erlaubt! -->
        <module name="AvoidStarImport"/>

        <!--        Die Einrückungen dürfen keine tabs sein -->
        <module name="RegexpSinglelineJava">
            <property name="format" value="^(\t*)\t"/>
            <property name="message" value="Indent must use space characters"/>
            <property name="ignoreComments" value="true"/>
        </module>

    </module>

</module>
